date,region,profiles_checked,profiles_with_inversion,inversion_frequency,segments,mean_delta,max_delta,mean_top_depth,mean_bottom_depth
2023-05-11,arabian_sea,11133,1,9e-05,1,0.0767,0.0767,20.0,30.0
2023-05-11,bay_of_bengal,11200,0,0.0,0,,,,
2023-05-11,overall,22333,1,4.5e-05,1,0.0767,0.0767,20.0,30.0
2023-05-12,arabian_sea,11133,2,0.00018,2,0.125,0.1469,20.0,30.0
2023-05-12,bay_of_bengal,11200,0,0.0,0,,,,
2023-05-12,overall,22333,2,9e-05,2,0.125,0.1469,20.0,30.0
2023-05-13,arabian_sea,11133,34,0.003054,34,0.1206,0.2135,20.0,30.0
2023-05-13,bay_of_bengal,11200,0,0.0,0,,,,
2023-05-13,overall,22333,34,0.001522,34,0.1206,0.2135,20.0,30.0
2023-05-14,arabian_sea,11133,13,0.001168,13,0.0855,0.1594,20.0,30.0
2023-05-14,bay_of_bengal,11200,0,0.0,0,,,,
2023-05-14,overall,22333,13,0.000582,13,0.0855,0.1594,20.0,30.0
2023-05-15,arabian_sea,11133,3,0.000269,3,0.0676,0.0853,20.0,30.0
2023-05-15,bay_of_bengal,11200,0,0.0,0,,,,
2023-05-15,overall,22333,3,0.000134,3,0.0676,0.0853,20.0,30.0
2023-05-16,arabian_sea,11133,6,0.000539,6,0.0825,0.1321,20.0,30.0
2023-05-16,bay_of_bengal,11200,0,0.0,0,,,,
2023-05-16,overall,22333,6,0.000269,6,0.0825,0.1321,20.0,30.0
2023-05-17,arabian_sea,11133,12,0.001078,12,0.1124,0.2372,20.0,30.0
2023-05-17,bay_of_bengal,11200,0,0.0,0,,,,
2023-05-17,overall,22333,12,0.000537,12,0.1124,0.2372,20.0,30.0
2023-05-18,arabian_sea,11133,45,0.004042,45,0.1414,0.2622,20.0,30.0
2023-05-18,bay_of_bengal,11200,0,0.0,0,,,,
2023-05-18,overall,22333,45,0.002015,45,0.1414,0.2622,20.0,30.0
2023-05-19,arabian_sea,11133,116,0.010419,118,0.1335,0.3617,22.71,35.42
2023-05-19,bay_of_bengal,11200,0,0.0,0,,,,
2023-05-19,overall,22333,116,0.005194,118,0.1335,0.3617,22.71,35.42
2023-05-20,arabian_sea,11133,421,0.037816,426,0.0927,0.3951,27.02,44.11
2023-05-20,bay_of_bengal,11200,0,0.0,0,,,,
2023-05-20,overall,22333,421,0.018851,426,0.0927,0.3951,27.02,44.11
2023-05-21,arabian_sea,11133,1119,0.100512,1128,0.0873,0.3892,28.41,46.9
2023-05-21,bay_of_bengal,11200,0,0.0,0,,,,
2023-05-21,overall,22333,1119,0.050105,1128,0.0873,0.3892,28.41,46.9
2023-05-22,arabian_sea,11133,1204,0.108147,1514,0.0863,0.4149,26.12,42.32
2023-05-22,bay_of_bengal,11200,0,0.0,0,,,,
2023-05-22,overall,22333,1204,0.053911,1514,0.0863,0.4149,26.12,42.32
2023-05-23,arabian_sea,11133,1432,0.128627,1899,0.0889,0.4256,15.63,25.67
2023-05-23,bay_of_bengal,11200,0,0.0,0,,,,
2023-05-23,overall,22333,1432,0.06412,1899,0.0889,0.4256,15.63,25.67
2023-05-24,arabian_sea,11133,2531,0.227342,3182,0.093,0.4006,14.78,24.79
2023-05-24,bay_of_bengal,11200,9,0.000804,9,0.0598,0.0667,20.0,30.0
2023-05-24,overall,22333,2540,0.113733,3191,0.0929,0.4006,14.79,24.8
2023-05-25,arabian_sea,11133,1882,0.169047,2239,0.0919,0.3385,13.72,23.73
2023-05-25,bay_of_bengal,11200,0,0.0,0,,,,
2023-05-25,overall,22333,1882,0.08427,2239,0.0919,0.3385,13.72,23.73
2023-05-26,arabian_sea,11133,632,0.056768,650,0.0757,0.2228,17.95,27.98
2023-05-26,bay_of_bengal,11200,0,0.0,0,,,,
2023-05-26,overall,22333,632,0.028299,650,0.0757,0.2228,17.95,27.98
2023-05-27,arabian_sea,11133,106,0.009521,106,0.076,0.1768,21.51,33.58
2023-05-27,bay_of_bengal,11200,54,0.004821,54,0.0823,0.1285,20.0,30.0
2023-05-27,overall,22333,160,0.007164,160,0.0781,0.1768,21.0,32.38
2023-05-28,arabian_sea,11133,20,0.001796,20,0.0886,0.1609,18.5,28.5
2023-05-28,bay_of_bengal,11200,165,0.014732,165,0.0721,0.1125,22.12,34.24
2023-05-28,overall,22333,185,0.008284,185,0.0739,0.1609,21.73,33.62
2023-05-29,arabian_sea,11133,6,0.000539,6,0.0858,0.1133,20.0,30.0
2023-05-29,bay_of_bengal,11200,278,0.024821,305,0.0806,0.1242,19.67,30.23
2023-05-29,overall,22333,284,0.012717,311,0.0807,0.1242,19.68,30.23
2023-05-30,arabian_sea,11133,3,0.000269,3,0.0779,0.1074,20.0,30.0
2023-05-30,bay_of_bengal,11200,365,0.032589,370,0.0719,0.1272,19.86,29.86
2023-05-30,overall,22333,368,0.016478,373,0.072,0.1272,19.87,29.87
2023-05-31,arabian_sea,11133,2,0.00018,2,0.1045,0.1269,20.0,30.0
2023-05-31,bay_of_bengal,11200,168,0.015,168,0.0746,0.1132,20.0,30.0
2023-05-31,overall,22333,170,0.007612,170,0.0749,0.1269,20.0,30.0
2023-06-01,arabian_sea,11133,0,0.0,0,,,,
2023-06-01,bay_of_bengal,11200,25,0.002232,25,0.056,0.0598,20.0,30.0
2023-06-01,overall,22333,25,0.001119,25,0.056,0.0598,20.0,30.0
2023-06-02,arabian_sea,11133,0,0.0,0,,,,
2023-06-02,bay_of_bengal,11200,12,0.001071,12,0.0582,0.071,30.0,50.0
2023-06-02,overall,22333,12,0.000537,12,0.0582,0.071,30.0,50.0
2023-06-03,arabian_sea,11133,0,0.0,0,,,,
2023-06-03,bay_of_bengal,11200,0,0.0,0,,,,
2023-06-03,overall,22333,0,0.0,0,,,,
2023-06-04,arabian_sea,11133,0,0.0,0,,,,
2023-06-04,bay_of_bengal,11200,0,0.0,0,,,,
2023-06-04,overall,22333,0,0.0,0,,,,
2023-06-05,arabian_sea,11133,0,0.0,0,,,,
2023-06-05,bay_of_bengal,11200,117,0.010446,117,0.0866,0.1351,30.0,50.0
2023-06-05,overall,22333,117,0.005239,117,0.0866,0.1351,30.0,50.0
2023-06-06,arabian_sea,11133,0,0.0,0,,,,
2023-06-06,bay_of_bengal,11200,129,0.011518,129,0.0729,0.1037,30.0,50.0
2023-06-06,overall,22333,129,0.005776,129,0.0729,0.1037,30.0,50.0
2023-06-07,arabian_sea,11133,0,0.0,0,,,,
2023-06-07,bay_of_bengal,11200,3,0.000268,3,0.051,0.0517,30.0,50.0
2023-06-07,overall,22333,3,0.000134,3,0.051,0.0517,30.0,50.0
2023-06-08,arabian_sea,11133,0,0.0,0,,,,
2023-06-08,bay_of_bengal,11200,0,0.0,0,,,,
2023-06-08,overall,22333,0,0.0,0,,,,
2023-06-09,arabian_sea,11133,0,0.0,0,,,,
2023-06-09,bay_of_bengal,11200,0,0.0,0,,,,
2023-06-09,overall,22333,0,0.0,0,,,,
2023-06-10,arabian_sea,11133,0,0.0,0,,,,
2023-06-10,bay_of_bengal,11200,0,0.0,0,,,,
2023-06-10,overall,22333,0,0.0,0,,,,
2023-06-11,arabian_sea,11133,0,0.0,0,,,,
2023-06-11,bay_of_bengal,11200,42,0.00375,42,0.0557,0.0723,30.0,50.0
2023-06-11,overall,22333,42,0.001881,42,0.0557,0.0723,30.0,50.0
2023-06-12,arabian_sea,11133,0,0.0,0,,,,
2023-06-12,bay_of_bengal,11200,35,0.003125,35,0.0523,0.0561,30.0,50.0
2023-06-12,overall,22333,35,0.001567,35,0.0523,0.0561,30.0,50.0
2023-06-13,arabian_sea,11133,0,0.0,0,,,,
2023-06-13,bay_of_bengal,11200,0,0.0,0,,,,
2023-06-13,overall,22333,0,0.0,0,,,,
2023-06-14,arabian_sea,11133,0,0.0,0,,,,
2023-06-14,bay_of_bengal,11200,10,0.000893,10,0.0542,0.0581,30.0,50.0
2023-06-14,overall,22333,10,0.000448,10,0.0542,0.0581,30.0,50.0
2023-06-15,arabian_sea,11133,5,0.000449,5,0.054,0.0573,50.0,75.0
2023-06-15,bay_of_bengal,11200,12,0.001071,12,0.0521,0.0543,30.0,50.0
2023-06-15,overall,22333,17,0.000761,17,0.0527,0.0573,35.88,57.35
2023-06-16,arabian_sea,11133,208,0.018683,208,0.0878,0.1684,70.19,95.19
2023-06-16,bay_of_bengal,11200,0,0.0,0,,,,
2023-06-16,overall,22333,208,0.009314,208,0.0878,0.1684,70.19,95.19
2023-06-17,arabian_sea,11133,431,0.038714,431,0.069,0.1094,51.28,76.28
2023-06-17,bay_of_bengal,11200,0,0.0,0,,,,
2023-06-17,overall,22333,431,0.019299,431,0.069,0.1094,51.28,76.28
2023-06-18,arabian_sea,11133,789,0.07087,987,0.0893,0.2422,61.16,85.98
2023-06-18,bay_of_bengal,11200,136,0.012143,136,0.0682,0.1125,61.95,86.95
2023-06-18,overall,22333,925,0.041419,1123,0.0868,0.2422,61.26,86.1
2023-06-19,arabian_sea,11133,112,0.01006,117,0.1173,0.3724,42.05,59.44
2023-06-19,bay_of_bengal,11200,188,0.016786,188,0.0723,0.1453,61.94,86.44
2023-06-19,overall,22333,300,0.013433,305,0.0896,0.3724,54.31,76.08
2023-06-20,arabian_sea,11133,120,0.010779,126,0.2214,0.6385,26.51,39.21
2023-06-20,bay_of_bengal,11200,165,0.014732,165,0.0609,0.0882,58.48,83.48
2023-06-20,overall,22333,285,0.012761,291,0.1304,0.6385,44.64,64.31
2023-06-21,arabian_sea,11133,159,0.014282,180,0.28,0.7546,22.78,35.14
2023-06-21,bay_of_bengal,11200,278,0.024821,280,0.0766,0.1161,56.88,81.88
2023-06-21,overall,22333,437,0.019567,460,0.1562,0.7546,43.53,63.59
2023-06-22,arabian_sea,11133,212,0.019042,237,0.2996,0.8135,22.81,35.17
2023-06-22,bay_of_bengal,11200,611,0.054554,638,0.0877,0.1852,66.65,91.65
2023-06-22,overall,22333,823,0.036851,875,0.1451,0.8135,54.78,76.35
2023-06-23,arabian_sea,11133,274,0.024612,293,0.3179,0.9426,23.16,35.02
2023-06-23,bay_of_bengal,11200,588,0.0525,653,0.0901,0.2335,67.73,92.73
2023-06-23,overall,22333,862,0.038598,946,0.1607,0.9426,53.92,74.85
2023-06-24,arabian_sea,11133,266,0.023893,298,0.3067,1.0391,20.25,31.17
2023-06-24,bay_of_bengal,11200,573,0.051161,578,0.0811,0.2083,65.57,90.57
2023-06-24,overall,22333,839,0.037568,876,0.1579,1.0391,50.15,70.37
2023-06-25,arabian_sea,11133,208,0.018683,231,0.2466,1.1318,27.9,40.48
2023-06-25,bay_of_bengal,11200,422,0.037679,450,0.0754,0.179,62.61,87.61
2023-06-25,overall,22333,630,0.028209,681,0.1335,1.1318,50.84,71.62
2023-06-26,arabian_sea,11133,64,0.005749,72,0.2785,0.9817,17.36,27.36
2023-06-26,bay_of_bengal,11200,68,0.006071,68,0.0752,0.1551,63.6,88.6
2023-06-26,overall,22333,132,0.005911,140,0.1798,0.9817,39.82,57.11
2023-06-27,arabian_sea,11133,9,0.000808,9,0.1923,0.4321,14.44,24.44
2023-06-27,bay_of_bengal,11200,0,0.0,0,,,,
2023-06-27,overall,22333,9,0.000403,9,0.1923,0.4321,14.44,24.44
2023-06-28,arabian_sea,11133,6,0.000539,6,0.149,0.2408,20.0,30.0
2023-06-28,bay_of_bengal,11200,0,0.0,0,,,,
2023-06-28,overall,22333,6,0.000269,6,0.149,0.2408,20.0,30.0
2023-06-29,arabian_sea,11133,12,0.001078,12,0.1604,0.3846,20.0,30.0
2023-06-29,bay_of_bengal,11200,0,0.0,0,,,,
2023-06-29,overall,22333,12,0.000537,12,0.1604,0.3846,20.0,30.0
