regime,depth_m,validation_target,n_obs,coverage_fraction,rmse_c,mae_c,bias_c,correlation,median_abs_error_c,p95_abs_error_c,metric_status
arabian_sea,0,glorys,556650,1.0,2.0796,1.4915,1.4375,0.5612,1.0036,4.3861,computed
arabian_sea,0,independent_argo,0,0.0,,,,,,,no_finite_observations
arabian_sea,5,glorys,556650,1.0,1.832,1.2709,1.2004,0.7526,0.774,3.9589,computed
arabian_sea,5,independent_argo,3404,0.006115,1.869,1.7009,1.7009,-0.7235,1.7437,3.0251,computed
arabian_sea,10,glorys,556650,1.0,1.7644,1.224,1.1629,0.8066,0.7383,3.799,computed
arabian_sea,10,independent_argo,3404,0.006115,1.9502,1.7783,1.7783,-0.6115,1.8664,3.0692,computed
arabian_sea,20,glorys,547450,0.983473,1.7057,1.1618,1.0658,0.7894,0.6558,3.7801,computed
arabian_sea,20,independent_argo,3212,0.00577,1.8955,1.6786,1.6657,-0.6222,1.728,3.1796,computed
arabian_sea,30,glorys,534650,0.960478,2.0379,1.3812,1.1901,0.4983,0.7792,4.44,computed
arabian_sea,30,independent_argo,2660,0.004779,2.1363,1.9514,1.9468,-0.6209,1.9849,3.6043,computed
arabian_sea,50,glorys,529450,0.951136,1.9057,1.3647,0.4057,0.61,1.0589,4.3416,computed
arabian_sea,50,independent_argo,2316,0.004161,1.7804,1.5614,1.5473,-0.6352,1.5298,3.1334,computed
arabian_sea,75,glorys,520250,0.934609,2.0594,1.3794,0.5102,0.7277,0.8308,5.1607,computed
arabian_sea,75,independent_argo,2004,0.0036,1.3362,1.1868,0.9593,-0.5244,1.1922,2.1764,computed
arabian_sea,100,glorys,519050,0.932453,2.275,1.5653,1.0963,0.7142,0.9112,5.4999,computed
arabian_sea,100,independent_argo,1668,0.002996,3.2662,3.1659,3.1659,0.0707,3.3335,4.1294,computed
arabian_sea,125,glorys,513850,0.923111,1.918,1.5467,1.4167,0.795,1.2931,3.5989,computed
arabian_sea,125,independent_argo,1540,0.002767,1.1993,1.078,1.0138,0.1891,1.184,1.856,computed
arabian_sea,150,glorys,509600,0.915477,1.5538,1.3247,1.2744,0.7513,1.239,2.816,computed
arabian_sea,150,independent_argo,1360,0.002443,0.2764,0.2243,0.1475,0.624,0.1886,0.5131,computed
arabian_sea,200,glorys,502400,0.902542,1.1517,0.9651,0.9091,0.5386,0.9296,1.9901,computed
arabian_sea,200,independent_argo,1232,0.002213,1.3372,1.2727,1.2727,-0.1295,1.1979,2.1157,computed
arabian_sea,300,glorys,484400,0.870206,1.0921,0.9817,0.9761,-0.4341,1.009,1.6818,computed
arabian_sea,300,independent_argo,976,0.001753,0.5916,0.5469,0.5449,0.1538,0.5288,0.9167,computed
arabian_sea,500,glorys,460800,0.827809,0.3606,0.2934,0.0685,-0.2195,0.2564,0.6594,computed
arabian_sea,500,independent_argo,768,0.00138,0.259,0.2101,0.1024,-0.3421,0.1695,0.5251,computed
arabian_sea,700,glorys,445200,0.799784,0.562,0.4731,-0.4684,0.3604,0.4383,1.0236,computed
arabian_sea,700,independent_argo,696,0.00125,1.0067,0.987,0.987,0.1836,1.0394,1.2308,computed
arabian_sea,1000,glorys,427600,0.768167,0.5806,0.4832,0.2913,0.0602,0.4281,1.0683,computed
arabian_sea,1000,independent_argo,664,0.001193,2.9288,2.9116,2.9116,-0.2451,2.93,3.4055,computed
bay_of_bengal,0,glorys,560000,1.0,1.3492,1.0921,1.0903,0.2055,0.8962,2.8278,computed
bay_of_bengal,0,independent_argo,0,0.0,,,,,,,no_finite_observations
bay_of_bengal,5,glorys,560000,1.0,1.0795,0.8586,0.8525,0.5983,0.7476,2.2631,computed
bay_of_bengal,5,independent_argo,0,0.0,,,,,,,no_finite_observations
bay_of_bengal,10,glorys,560000,1.0,1.0748,0.8348,0.8217,0.5378,0.7038,2.2892,computed
bay_of_bengal,10,independent_argo,0,0.0,,,,,,,no_finite_observations
bay_of_bengal,20,glorys,560000,1.0,1.0677,0.8369,0.8115,0.5073,0.6849,2.0834,computed
bay_of_bengal,20,independent_argo,0,0.0,,,,,,,no_finite_observations
bay_of_bengal,30,glorys,560000,1.0,1.2738,0.971,0.9345,-0.3251,0.7689,2.6082,computed
bay_of_bengal,30,independent_argo,0,0.0,,,,,,,no_finite_observations
bay_of_bengal,50,glorys,560000,1.0,1.0486,0.8328,0.359,-0.0564,0.6888,2.1193,computed
bay_of_bengal,50,independent_argo,0,0.0,,,,,,,no_finite_observations
bay_of_bengal,75,glorys,560000,1.0,1.0589,0.8301,0.0482,0.0289,0.7289,2.0922,computed
bay_of_bengal,75,independent_argo,0,0.0,,,,,,,no_finite_observations
bay_of_bengal,100,glorys,560000,1.0,1.2947,0.926,0.6111,0.3599,0.6379,2.8895,computed
bay_of_bengal,100,independent_argo,0,0.0,,,,,,,no_finite_observations
bay_of_bengal,125,glorys,560000,1.0,2.2164,1.727,1.3997,0.3902,1.3697,4.4067,computed
bay_of_bengal,125,independent_argo,0,0.0,,,,,,,no_finite_observations
bay_of_bengal,150,glorys,560000,1.0,2.2708,1.8592,1.7779,0.3417,1.6669,4.2435,computed
bay_of_bengal,150,independent_argo,0,0.0,,,,,,,no_finite_observations
bay_of_bengal,200,glorys,560000,1.0,1.7832,1.5385,1.5253,0.1841,1.4787,3.1237,computed
bay_of_bengal,200,independent_argo,0,0.0,,,,,,,no_finite_observations
bay_of_bengal,300,glorys,560000,1.0,0.6756,0.5571,0.4734,0.0376,0.5075,1.2489,computed
bay_of_bengal,300,independent_argo,0,0.0,,,,,,,no_finite_observations
bay_of_bengal,500,glorys,560000,1.0,0.4823,0.3754,-0.3146,0.0753,0.3162,0.9295,computed
bay_of_bengal,500,independent_argo,0,0.0,,,,,,,no_finite_observations
bay_of_bengal,700,glorys,560000,1.0,0.7364,0.6313,-0.595,-0.2224,0.6075,1.3051,computed
bay_of_bengal,700,independent_argo,0,0.0,,,,,,,no_finite_observations
bay_of_bengal,1000,glorys,560000,1.0,0.6296,0.5389,0.3616,-0.1813,0.5094,1.1344,computed
bay_of_bengal,1000,independent_argo,0,0.0,,,,,,,no_finite_observations
